{"cameraMode":{"drawMode":0,"name":"Shaded","section":"Shading Mode"},"sceneLighting":true,"audioPlay":false,"sceneViewState":{"showFog":true,"showMaterialUpdate":false,"showSkybox":true,"showFlares":true,"showImageEffects":true,"showParticleSystems":true},"in2DMode":false,"pivot":{"x":-1.7881393432617188e-7,"y":1.1920928955078126e-7,"z":-5.019999980926514},"rotation":{"x":0.2074359804391861,"y":0.34351205825805666,"z":-0.07807952910661698,"w":0.9126191735267639},"size":5.382542610168457,"orthographic":true}