{"cameraMode":{"drawMode":0,"name":"Shaded","section":"Shading Mode"},"sceneLighting":false,"audioPlay":false,"sceneViewState":{"showFog":true,"showMaterialUpdate":false,"showSkybox":false,"showFlares":true,"showImageEffects":true,"showParticleSystems":true},"in2DMode":false,"pivot":{"x":0.2475159913301468,"y":5.783073902130127,"z":0.2822086215019226},"rotation":{"x":0.2074359804391861,"y":0.34351205825805666,"z":-0.07807952910661698,"w":0.9126191735267639},"size":0.7415600419044495,"orthographic":true}